Termo,Ferramenta de busca,Navegador,Perído inicial,Período final
Política de Dados Abertos Ribeirão Pires (SP),Google Search,Chrome,15/04/2026,15/05/2026
Política de Dados Abertos site:ribeiraopires.sp.gov.br,Google Search,Chrome,15/04/2026,15/05/2026
“Política de Dados Abertos” site:ribeiraopires.sp.gov.br,Google Search,Chrome,15/04/2026,15/05/2026
“Política de Dados Abertos” site:camararp.sp.gov.br,Google Search,Chrome,15/04/2026,15/05/2026
"""Edificações"" * ""licença"" * ""licenciamento"" site:siga.santoandre.sp.gov.br filetype: csv",Google Search,Chrome,15/04/2026,15/05/2026
"""Edificações"" * ""licença"" * ""licenciamento"" site:siga.santoandre.sp.gov.br filetype: shp",Google Search,Chrome,15/04/2026,15/05/2026
"""Edificações"" * ""licença"" * ""licenciamento"" site:santoandre.sp.gov.br filetype: shp",Google Search,Chrome,15/04/2026,15/05/2026
"""Edificações"" site:santoandre.sp.gov.br",Google Search,Chrome,15/04/2026,15/05/2026
"""obras"" site:siga.santoandre.sp.gov.br",Google Search,Chrome,15/04/2026,15/05/2026
Obras Santo André (SP),Google Search,Chrome,15/04/2026,15/05/2026
"""obras"" site:santoandre.sp.gov.br",Google Search,Chrome,15/04/2026,15/05/2026
"""obras"" site:santoandre.sp.gov.br filetype: csv",Google Search,Chrome,15/04/2026,15/05/2026
"""obras"" site:santoandre.sp.gov.br filetype: shp",Google Search,Chrome,15/04/2026,15/05/2026
Alvarás Santo André (SP),Google Search,Chrome,15/04/2026,15/05/2026
Alvarás site:siga.santoandre.sp.gov.br,Google Search,Chrome,15/04/2026,15/05/2026
Alvarás site:santoandre.sp.gov.br,Google Search,Chrome,15/04/2026,15/05/2026
ITBI Santo André (SP),Google Search,Chrome,15/04/2026,15/05/2026
ITBI Santo André (SP) site:siga.santoandre.sp.gov.br,Google Search,Chrome,15/04/2026,15/05/2026
ITBI Santo André (SP) site:santoandre.sp.gov.br,Google Search,Chrome,15/04/2026,15/05/2026
IPTU Santo André (SP),Google Search,Chrome,15/04/2026,15/05/2026
IPTU site:siga.santoandre.sp.gov.br/Catalogo,Google Search,Chrome,15/04/2026,15/05/2026
IPTU site:santoandre.sp.gov.br/Catalogo,Google Search,Chrome,15/04/2026,15/05/2026
Função Social da Propriedade Santo André (SP),Google Search,Chrome,15/04/2026,15/05/2026
PEUC Santo André (SP),Google Search,Chrome,15/04/2026,15/05/2026
Função Social da Propriedade site:siga.santoandre.sp.gov.br,Google Search,Chrome,15/04/2026,15/05/2026
PEUC site:siga.santoandre.sp.gov.br,Google Search,Chrome,15/04/2026,15/05/2026
PEUC site:santoandre.sp.gov.br,Google Search,Chrome,15/04/2026,15/05/2026
Função Social da Propriedade site:santoandre.sp.gov.br,Google Search,Chrome,15/04/2026,15/05/2026
Plano Diretor Santo André (SP),Google Search,Chrome,15/04/2026,15/05/2026
Plano Diretor site:siga.santoandre.sp.gov.br,Google Search,Chrome,15/04/2026,15/05/2026
Plano Diretor site:santoandre.sp.gov.br,Google Search,Chrome,15/04/2026,15/05/2026
Edificações São Bernardo do Campo (SP),Google Search,Chrome,15/04/2026,15/05/2026
Edificações site:geo.saobernardo.sp.gov.br,Google Search,Chrome,15/04/2026,15/05/2026
Edificações site:saobernardo.sp.gov.br,Google Search,Chrome,15/04/2026,15/05/2026
Obras São Bernardo do Campo (SP),Google Search,Chrome,15/04/2026,15/05/2026
Obras site:saobernardo.sp.gov.br,Google Search,Chrome,15/04/2026,15/05/2026
Obras site:geo.saobernardo.sp.gov.br,Google Search,Chrome,15/04/2026,15/05/2026
Alvarás São Bernardo do Campo (SP),Google Search,Chrome,15/04/2026,15/05/2026
Alvarás site:saobernardo.sp.gov.br,Google Search,Chrome,15/04/2026,15/05/2026
Alvarás site:geo.saobernardo.sp.gov.br,Google Search,Chrome,15/04/2026,15/05/2026
ITBI São Bernardo do Campo (SP),Google Search,Chrome,15/04/2026,15/05/2026
ITBI site:saobernardo.sp.gov.br,Google Search,Chrome,15/04/2026,15/05/2026
ITBI site:geo.saobernardo.sp.gov.br,Google Search,Chrome,15/04/2026,15/05/2026
IPTU São Bernardo do Campo (SP),Google Search,Chrome,15/04/2026,15/05/2026
IPTU site:saobernardo.sp.gov.br,Google Search,Chrome,15/04/2026,15/05/2026
IPTU site:geo.saobernardo.sp.gov.br,Google Search,Chrome,15/04/2026,15/05/2026
outorga onerosa site:saobernardo.sp.gov.br,Google Search,Chrome,15/04/2026,15/05/2026
outorga onerosa site:geo.saobernardo.sp.gov.br,Google Search,Chrome,15/04/2026,15/05/2026
PEUC site:geo.saobernardo.sp.gov.br,Google Search,Chrome,15/04/2026,15/05/2026
PEUC site:saobernardo.sp.gov.br,Google Search,Chrome,15/04/2026,15/05/2026
Plano Diretor site:geo.saobernardo.sp.gov.br,Google Search,Chrome,15/04/2026,15/05/2026
Plano Diretor site:saobernardo.sp.gov.br,Google Search,Chrome,15/04/2026,15/05/2026
edificações site:maua.sp.gov.br,Google Search,Chrome,15/04/2026,15/05/2026
dados edificações site:maua.sp.gov.br,Google Search,Chrome,15/04/2026,15/05/2026
obras site:maua.sp.gov.br,Google Search,Chrome,15/04/2026,15/05/2026
dados de obras site:maua.sp.gov.br,Google Search,Chrome,15/04/2026,15/05/2026
Alvarás site:maua.sp.gov.br,Google Search,Chrome,15/04/2026,15/05/2026
dados de alvarás site:maua.sp.gov.br,Google Search,Chrome,15/04/2026,15/05/2026
ITBI site:maua.sp.gov.br,Google Search,Chrome,15/04/2026,15/05/2026
dados de ITBI site:maua.sp.gov.br,Google Search,Chrome,15/04/2026,15/05/2026
IPTU site:maua.sp.gov.br,Google Search,Chrome,15/04/2026,15/05/2026
dados de IPTU site:maua.sp.gov.br,Google Search,Chrome,15/04/2026,15/05/2026
dados de outorga onerosa site:maua.sp.gov.br,Google Search,Chrome,15/04/2026,15/05/2026
outorga onerosa site:maua.sp.gov.br,Google Search,Chrome,15/04/2026,15/05/2026
PEUC site:maua.sp.gov.br,Google Search,Chrome,15/04/2026,15/05/2026
dados de PEUC site:maua.sp.gov.br,Google Search,Chrome,15/04/2026,15/05/2026
função social da propriedade site:maua.sp.gov.br,Google Search,Chrome,15/04/2026,15/05/2026
Plano diretor site:maua.sp.gov.br,Google Search,Chrome,15/04/2026,15/05/2026
dados de Plano Diretor site:maua.sp.gov.br,Google Search,Chrome,15/04/2026,15/05/2026